-- phpMyAdmin SQL Dump
-- version 5.0.2
-- https://www.phpmyadmin.net/
--
-- 主机： 127.0.0.1:3306
-- 生成日期： 2022-06-17 04:43:49
-- 服务器版本： 5.7.31
-- PHP 版本： 7.3.21

SET SQL_MODE = "NO_AUTO_VALUE_ON_ZERO";
START TRANSACTION;
SET time_zone = "+00:00";


/*!40101 SET @OLD_CHARACTER_SET_CLIENT=@@CHARACTER_SET_CLIENT */;
/*!40101 SET @OLD_CHARACTER_SET_RESULTS=@@CHARACTER_SET_RESULTS */;
/*!40101 SET @OLD_COLLATION_CONNECTION=@@COLLATION_CONNECTION */;
/*!40101 SET NAMES utf8mb4 */;

--
-- 数据库： `mybbs`
--

-- --------------------------------------------------------

--
-- 表的结构 `tbl_board`
--

DROP TABLE IF EXISTS `tbl_board`;
CREATE TABLE IF NOT EXISTS `tbl_board` (
  `boardId` int(11) NOT NULL AUTO_INCREMENT,
  `boardName` varchar(50) NOT NULL,
  `parentId` int(11) NOT NULL,
  PRIMARY KEY (`boardId`),
  UNIQUE KEY `boardName` (`boardName`)
) ENGINE=InnoDB AUTO_INCREMENT=11 DEFAULT CHARSET=utf8;

--
-- 转存表中的数据 `tbl_board`
--

INSERT INTO `tbl_board` (`boardId`, `boardName`, `parentId`) VALUES
(1, '滑冰', 0),
(2, '滑雪', 0),
(3, '雪车', 0),
(4, '短道速滑', 1),
(5, '花样滑冰', 1),
(6, '速度滑冰', 1),
(7, '高山滑雪', 2),
(8, '自由式滑雪', 2),
(9, '雪车分项', 3),
(10, '钢架雪车', 3);

-- --------------------------------------------------------

--
-- 表的结构 `tbl_reply`
--

DROP TABLE IF EXISTS `tbl_reply`;
CREATE TABLE IF NOT EXISTS `tbl_reply` (
  `replyId` int(11) NOT NULL AUTO_INCREMENT,
  `uId` int(11) DEFAULT NULL,
  `topicId` int(11) DEFAULT NULL,
  `title` varchar(50) NOT NULL,
  `content` text NOT NULL,
  `publishTime` datetime NOT NULL DEFAULT CURRENT_TIMESTAMP,
  `modifyTime` datetime NOT NULL DEFAULT CURRENT_TIMESTAMP,
  PRIMARY KEY (`replyId`),
  KEY `FK_POST` (`uId`),
  KEY `FK_REPLY` (`topicId`)
) ENGINE=InnoDB AUTO_INCREMENT=288 DEFAULT CHARSET=utf8;

--
-- 转存表中的数据 `tbl_reply`
--

INSERT INTO `tbl_reply` (`replyId`, `uId`, `topicId`, `title`, `content`, `publishTime`, `modifyTime`) VALUES
(1, 2, 1, '任子威', '任子威', '2022-03-18 09:47:43', '2022-03-18 09:47:43'),
(2, 2, 2, '长60m，宽30m的长方形冰场', '长60m，宽30m的长方形冰场', '2022-03-18 09:47:43', '2022-03-18 09:47:43'),
(3, 2, 3, '速度滑冰和短道速滑都属于冰上项目，两个项目在场地，运动员装备等方面有所不同', '速度滑冰和短道速滑都属于冰上项目，两个项目在场地，运动员装备等方面有所不同', '2022-03-18 09:49:23', '2022-03-18 09:49:23'),
(4, 3, 4, '11枚', '11枚', '2022-03-18 09:49:23', '2022-03-18 09:49:23'),
(5, 3, 5, '谷爱凌', '谷爱凌', '2022-03-18 09:50:36', '2022-03-18 09:50:36'),
(6, 1, 6, '男子双人，女子双人，男子四人，女子单人', '男子双人，女子双人，男子四人，女子单人', '2022-03-18 09:50:36', '2022-03-18 09:50:36'),
(7, 1, 7, '延庆赛区的国家雪车雪橇中心', '延庆赛区的国家雪车雪橇中心', '2022-03-18 09:51:18', '2022-03-18 09:51:18'),
(8, 2, 16, '阿克塞尔四周跳', '阿克塞尔四周跳', '2022-06-16 14:40:47', '2022-06-16 14:40:47'),
(9, 2, 15, '温水', '温水', '2022-06-16 14:40:47', '2022-06-16 14:40:47'),
(10, 1, 18, '男子单人滑、女子单人滑、男女双人滑、冰上舞蹈及混合团体共五枚金牌', '男子单人滑、女子单人滑、男女双人滑、冰上舞蹈及混合团体共五枚金牌', '2022-06-16 14:41:35', '2022-06-16 14:41:35'),
(11, 3, 19, '首都体育馆', '首都体育馆', '2022-06-16 14:41:35', '2022-06-16 14:41:35'),
(12, 1, 17, '花样滑冰起源于18世纪的英国，后相继在德国、北美地区国家迅速开展。', '花样滑冰起源于18世纪的英国，后相继在德国、北美地区国家迅速开展。', '2022-06-16 14:42:28', '2022-06-16 14:42:28'),
(14, 1, 21, '国家速滑馆', '国家速滑馆', '2022-06-16 14:55:23', '2022-06-16 14:55:23'),
(15, 1, 22, '2月5日-8日、10日-13日、15日、17-19日', '2月5日-8日、10日-13日、15日、17-19日', '2022-06-16 14:57:00', '2022-06-16 14:57:00'),
(16, 1, 23, '1763年2月4日在英国首次举行15公里速度滑冰赛', '1763年2月4日在英国首次举行15公里速度滑冰赛', '2022-06-16 14:57:57', '2022-06-16 14:57:57'),
(17, 1, 20, '男女500米、1000米', '男女500米、1000米', '2022-06-16 14:59:03', '2022-06-16 14:59:03'),
(18, 3, 24, '速度滑冰是一项在400米赛道上较量滑行速度的冰上体育运动。', '速度滑冰是一项在400米赛道上较量滑行速度的冰上体育运动。', '2022-06-16 14:59:59', '2022-06-16 14:59:59'),
(19, 3, 25, '滑雪运动是运动员把滑雪板装在靴底上在雪地上进行速度、跳跃和滑降的竞赛运动。', '滑雪运动是运动员把滑雪板装在靴底上在雪地上进行速度、跳跃和滑降的竞赛运动。', '2022-06-16 15:03:24', '2022-06-16 15:03:24'),
(20, 3, 26, '滑雪运动起源并发展于斯堪的纳维亚国家。', '滑雪运动起源并发展于斯堪的纳维亚国家。', '2022-06-16 15:03:24', '2022-06-16 15:03:24'),
(21, 2, 27, '滑雪运动（特别是现代竞技滑雪）发展到当今，项目不断在增多，领域不断在扩展。', '滑雪运动（特别是现代竞技滑雪）发展到当今，项目不断在增多，领域不断在扩展。', '2022-06-16 15:04:24', '2022-06-16 15:04:24'),
(22, 3, 28, '阿尔卑斯山式，现代滑雪...', '阿尔卑斯山式，现代滑雪...', '2022-06-16 15:04:24', '2022-06-16 15:04:24'),
(23, 3, 29, '空中，大回转，空中', '空中，大回转，空中', '2022-06-16 15:06:24', '2022-06-16 15:06:24'),
(24, 3, 30, '雪上技巧  空中技巧   障碍追逐  U型场地技巧  坡面障碍技巧', '雪上技巧  空中技巧   障碍追逐  U型场地技巧  坡面障碍技巧', '2022-06-16 15:13:26', '2022-06-16 15:13:26'),
(25, 3, 31, '比赛对滑行速度、弯道技巧、两次跳跃的情况进行评分', '比赛对滑行速度、弯道技巧、两次跳跃的情况进行评分', '2022-06-16 15:13:26', '2022-06-16 15:13:26'),
(28, 3, 32, '唯一一项运动员不持雪仗进行的比赛。选手从大型跳台上起跳，进行一系列腾空动作。', '唯一一项运动员不持雪仗进行的比赛。选手从大型跳台上起跳，进行一系列腾空动作。', '2022-06-16 15:14:09', '2022-06-16 15:14:09'),
(29, 3, 33, '选手在U形场地的雪面上滑行，借助左右两端的墙面跳起，完成一系列动作', '选手在U形场地的雪面上滑行，借助左右两端的墙面跳起，完成一系列动作。', '2022-06-16 15:14:09', '2022-06-16 15:14:09'),
(30, 3, 34, '赛道设有各种形状的障碍物及跳台，选手从顶端滑下。选手可以在不同的障碍物中选择一条路线进行比赛。', '赛道设有各种形状的障碍物及跳台，选手从顶端滑下。选手可以在不同的障碍物中选择一条路线进行比赛。', '2022-06-16 15:14:22', '2022-06-16 15:14:22'),
(31, 3, 35, '雪车也称“有舵雪橇”，起源于19世纪后期的瑞士，是乘坐可操纵方向的雪橇在冰道上滑行的运动项目。', '雪车也称“有舵雪橇”，起源于19世纪后期的瑞士，是乘坐可操纵方向的雪橇在冰道上滑行的运动项目。', '2022-06-16 15:20:48', '2022-06-16 15:20:48'),
(32, 3, 36, '雪车男子四人座在1924年第一届冬季奥运会上被采纳为正式比赛项目。', '雪车男子四人座在1924年第一届冬季奥运会上被采纳为正式比赛项目。', '2022-06-16 15:20:48', '2022-06-16 15:20:48'),
(33, 3, 37, '每队下滑4次，以总时间计算名次，时间少者为胜。', '每队下滑4次，以总时间计算名次，时间少者为胜。', '2022-06-16 15:21:13', '2022-06-16 15:21:13'),
(34, 3, 38, '北京冬奥会雪车项目共设置男子双人、女子双人、女子单人及四人雪车（不限性别）四枚金牌', '北京冬奥会雪车项目共设置男子双人、女子双人、女子单人及四人雪车（不限性别）四枚金牌', '2022-06-16 15:21:13', '2022-06-16 15:21:13'),
(35, 3, 39, '国家雪车雪橇中心', '国家雪车雪橇中心', '2022-06-16 15:21:23', '2022-06-16 15:21:23'),
(36, 1, 40, '滑雪、滑冰、冰球、雪车、冬季两项、雪橇、冰壶；', '滑雪、滑冰、冰球、雪车、冬季两项、雪橇、冰壶；', '2022-06-16 15:24:11', '2022-06-16 15:24:11'),
(37, 1, 41, '1892年英国人蔡尔德使用了一架主要以金属为材料制成的新雪橇，后来被正式命名为钢架雪车。', '1892年英国人蔡尔德使用了一架主要以金属为材料制成的新雪橇，后来被正式命名为钢架雪车。', '2022-06-16 15:24:11', '2022-06-16 15:24:11'),
(40, 1, 42, '比赛前，选手要将雪车送至起点测温。到比赛时雪车雪板温度与赛前测温温差不得超过4℃.', '比赛前，选手要将雪车送至起点测温。到比赛时雪车雪板温度与赛前测温温差不得超过4℃.', '2022-06-16 15:31:52', '2022-06-16 15:31:52'),
(41, 1, 43, '钢架雪车比赛所用赛道与雪橇、雪车相同，并与雪车共用一个起点', '钢架雪车比赛所用赛道与雪橇、雪车相同，并与雪车共用一个起点\r\n\r\n', '2022-06-16 15:31:52', '2022-06-16 15:31:52'),
(42, 3, 44, '延庆赛区的国家雪车雪橇中心', '延庆赛区的国家雪车雪橇中心', '2022-06-16 15:33:43', '2022-06-16 15:33:43'),
(43, 2, 14, '就是在长度较短的跑道上进行的冰上竞速运动', '<span style=\"font-family:-apple-system-font, &quot;font-size:19px;text-align:justify;white-space:normal;background-color:#FFFFFF;\">就是在长度较短的跑道上进行的冰上竞速运动</span>', '2022-06-16 15:39:00', '2022-06-16 15:39:00'),
(44, 2, 12, '111.12米', '<span style=\"color:#222222;font-family:Arial, sans-serif;font-size:24px;white-space:normal;background-color:#FFFFFF;\">111.12米</span>', '2022-06-16 15:39:23', '2022-06-16 15:39:23'),
(45, 2, 13, '短道速滑比赛采用淘汰制，首轮比赛站位通过抽签决定', '<span style=\"font-family:-apple-system-font, &quot;font-size:19px;text-align:justify;white-space:normal;background-color:#FFFFFF;\">短道速滑比赛采用淘汰制，首轮比赛站位通过抽签决定</span>', '2022-06-16 15:40:11', '2022-06-16 15:40:11'),
(46, 2, 10, '逆时针方向', '<span style=\"color:#333333;font-family:Arial, sans-serif;font-size:13px;white-space:normal;background-color:#FFFFFF;\">逆时针方向</span>', '2022-06-16 15:40:43', '2022-06-16 15:40:43'),
(47, 2, 11, '有些表演动作可能用手抓住冰刀的刀片，也是比较危险的，带着可以防止受伤', '<span style=\"color:#333333;font-family:Arial, sans-serif;font-size:13px;white-space:normal;background-color:#FFFFFF;\">有些表演动作可能</span><span style=\"color:#333333;font-family:Arial, sans-serif;font-size:13px;white-space:normal;background-color:#FFFFFF;\">用手抓住冰刀的刀片，也是比较危险的，带着</span><span style=\"color:#333333;font-family:Arial, sans-serif;font-size:13px;white-space:normal;background-color:#FFFFFF;\">可以防止受伤</span>', '2022-06-16 15:41:45', '2022-06-16 15:41:45'),
(48, 2, 14, '就是在长度较短的跑道上进行的冰上竞速运动', '<h4 style=\"font-family:&quot;font-size:medium;white-space:normal;\">\r\n	就是在长度较短的跑道上进行的冰上竞速运动\r\n</h4>', '2022-06-16 15:51:15', '2022-06-16 15:51:15'),
(49, 1, 14, '就是在长度较短的跑道上进行的冰上竞速运动', '<h4 style=\"font-family:&quot;font-size:medium;white-space:normal;\">\r\n	就是在长度较短的跑道上进行的冰上竞速运动\r\n</h4>', '2022-06-16 15:51:41', '2022-06-16 15:51:41'),
(50, 1, 14, '就是在长度较短的跑道上进行的冰上竞速运动', '<h4 style=\"font-family:&quot;font-size:medium;white-space:normal;\">\r\n	就是在长度较短的跑道上进行的冰上竞速运动\r\n</h4>', '2022-06-16 15:51:47', '2022-06-16 15:51:47'),
(51, 1, 14, '就是在长度较短的跑道上进行的冰上竞速运动', '<h4 style=\"font-family:&quot;font-size:medium;white-space:normal;\">\r\n	就是在长度较短的跑道上进行的冰上竞速运动\r\n</h4>', '2022-06-16 15:51:51', '2022-06-16 15:51:51'),
(52, 1, 14, '就是在长度较短的跑道上进行的冰上竞速运动', '<h4 style=\"font-family:&quot;font-size:medium;white-space:normal;\">\r\n	就是在长度较短的跑道上进行的冰上竞速运动\r\n</h4>', '2022-06-16 15:52:05', '2022-06-16 15:52:05'),
(53, 1, 14, '就是在长度较短的跑道上进行的冰上竞速运动', '<h4 style=\"font-family:&quot;font-size:medium;white-space:normal;\">\r\n	就是在长度较短的跑道上进行的冰上竞速运动\r\n</h4>', '2022-06-16 15:52:12', '2022-06-16 15:52:12'),
(54, 2, 12, '111.12米', '<h4 style=\"font-family:&quot;font-size:medium;white-space:normal;\">\r\n	111.12米\r\n</h4>', '2022-06-16 15:52:57', '2022-06-16 15:52:57'),
(55, 2, 12, '111.12米', '<h4 style=\"font-family:&quot;font-size:medium;white-space:normal;\">\r\n	111.12米\r\n</h4>', '2022-06-16 15:53:04', '2022-06-16 15:53:04'),
(56, 2, 12, '111.12米', '<h4 style=\"font-family:&quot;font-size:medium;white-space:normal;\">\r\n	111.12米\r\n</h4>', '2022-06-16 15:53:08', '2022-06-16 15:53:08'),
(57, 2, 12, '111.12米', '<h4 style=\"font-family:&quot;font-size:medium;white-space:normal;\">\r\n	111.12米\r\n</h4>', '2022-06-16 15:53:12', '2022-06-16 15:53:12'),
(58, 2, 12, '111.12米', '<h4 style=\"font-family:&quot;font-size:medium;white-space:normal;\">\r\n	111.12米\r\n</h4>', '2022-06-16 15:53:16', '2022-06-16 15:53:16'),
(59, 2, 12, '111.12米', '<h4 style=\"font-family:&quot;font-size:medium;white-space:normal;\">\r\n	111.12米\r\n</h4>', '2022-06-16 15:53:20', '2022-06-16 15:53:20'),
(60, 2, 13, '短道速滑比赛采用淘汰制，首轮比赛站位通过抽签决定', '<h4 style=\"font-family:&quot;font-size:medium;white-space:normal;\">\r\n	短道速滑比赛采用淘汰制，首轮比赛站位通过抽签决定\r\n</h4>', '2022-06-16 15:53:34', '2022-06-16 15:53:34'),
(61, 2, 13, '短道速滑比赛采用淘汰制，首轮比赛站位通过抽签决定', '<h4 style=\"font-family:&quot;font-size:medium;white-space:normal;\">\r\n	短道速滑比赛采用淘汰制，首轮比赛站位通过抽签决定\r\n</h4>', '2022-06-16 15:53:39', '2022-06-16 15:53:39'),
(62, 2, 13, '短道速滑比赛采用淘汰制，首轮比赛站位通过抽签决定', '<h4 style=\"font-family:&quot;font-size:medium;white-space:normal;\">\r\n	短道速滑比赛采用淘汰制，首轮比赛站位通过抽签决定\r\n</h4>', '2022-06-16 15:53:42', '2022-06-16 15:53:42'),
(63, 2, 13, '短道速滑比赛采用淘汰制，首轮比赛站位通过抽签决定', '<h4 style=\"font-family:&quot;font-size:medium;white-space:normal;\">\r\n	短道速滑比赛采用淘汰制，首轮比赛站位通过抽签决定\r\n</h4>', '2022-06-16 15:53:46', '2022-06-16 15:53:46'),
(64, 2, 13, '短道速滑比赛采用淘汰制，首轮比赛站位通过抽签决定', '<h4 style=\"font-family:&quot;font-size:medium;white-space:normal;\">\r\n	短道速滑比赛采用淘汰制，首轮比赛站位通过抽签决定\r\n</h4>', '2022-06-16 15:53:49', '2022-06-16 15:53:49'),
(65, 2, 13, '短道速滑比赛采用淘汰制，首轮比赛站位通过抽签决定', '<h4 style=\"font-family:&quot;font-size:medium;white-space:normal;\">\r\n	短道速滑比赛采用淘汰制，首轮比赛站位通过抽签决定\r\n</h4>', '2022-06-16 15:53:56', '2022-06-16 15:53:56'),
(66, 2, 10, '逆时针方向', '<h4 style=\"font-family:&quot;font-size:medium;white-space:normal;\">\r\n	逆时针方向\r\n</h4>', '2022-06-16 15:54:14', '2022-06-16 15:54:14'),
(67, 2, 10, '逆时针方向', '<h4 style=\"font-family:&quot;font-size:medium;white-space:normal;\">\r\n	逆时针方向\r\n</h4>', '2022-06-16 15:54:20', '2022-06-16 15:54:20'),
(68, 2, 10, '逆时针方向', '<h4 style=\"font-family:&quot;font-size:medium;white-space:normal;\">\r\n	逆时针方向\r\n</h4>', '2022-06-16 15:54:26', '2022-06-16 15:54:26'),
(69, 2, 10, '逆时针方向', '<h4 style=\"font-family:&quot;font-size:medium;white-space:normal;\">\r\n	逆时针方向\r\n</h4>', '2022-06-16 15:54:29', '2022-06-16 15:54:29'),
(70, 2, 10, '逆时针方向', '<h4 style=\"font-family:&quot;font-size:medium;white-space:normal;\">\r\n	逆时针方向\r\n</h4>', '2022-06-16 15:54:33', '2022-06-16 15:54:33'),
(71, 2, 10, '逆时针方向', '<h4 style=\"font-family:&quot;font-size:medium;white-space:normal;\">\r\n	逆时针方向\r\n</h4>', '2022-06-16 15:54:37', '2022-06-16 15:54:37'),
(72, 2, 11, '有些表演动作可能用手抓住冰刀的刀片，也是比较危险的，带着可以防止受伤', '<h4 style=\"font-family:&quot;font-size:medium;white-space:normal;\">\r\n	有些表演动作可能用手抓住冰刀的刀片，也是比较危险的，带着可以防止受伤\r\n</h4>', '2022-06-16 15:54:47', '2022-06-16 15:54:47'),
(73, 2, 11, '有些表演动作可能用手抓住冰刀的刀片，也是比较危险的，带着可以防止受伤', '<h4 style=\"font-family:&quot;font-size:medium;white-space:normal;\">\r\n	有些表演动作可能用手抓住冰刀的刀片，也是比较危险的，带着可以防止受伤\r\n</h4>', '2022-06-16 15:54:51', '2022-06-16 15:54:51'),
(74, 2, 11, '有些表演动作可能用手抓住冰刀的刀片，也是比较危险的，带着可以防止受伤', '<h4 style=\"font-family:&quot;font-size:medium;white-space:normal;\">\r\n	有些表演动作可能用手抓住冰刀的刀片，也是比较危险的，带着可以防止受伤\r\n</h4>', '2022-06-16 15:57:43', '2022-06-16 15:57:43'),
(75, 2, 11, '有些表演动作可能用手抓住冰刀的刀片，也是比较危险的，带着可以防止受伤', '<h4 style=\"font-family:&quot;font-size:medium;white-space:normal;\">\r\n	有些表演动作可能用手抓住冰刀的刀片，也是比较危险的，带着可以防止受伤\r\n</h4>', '2022-06-16 15:57:56', '2022-06-16 15:57:56'),
(76, 2, 11, '有些表演动作可能用手抓住冰刀的刀片，也是比较危险的，带着可以防止受伤', '<h4 style=\"font-family:&quot;font-size:medium;white-space:normal;\">\r\n	有些表演动作可能用手抓住冰刀的刀片，也是比较危险的，带着可以防止受伤\r\n</h4>', '2022-06-16 15:58:00', '2022-06-16 15:58:00'),
(77, 1, 45, '首都体育馆', '<h4 style=\"font-family:&quot;font-size:medium;white-space:normal;\">\r\n	首都体育馆\r\n</h4>', '2022-06-16 17:18:30', '2022-06-16 17:18:30'),
(78, 1, 46, '花样滑冰比赛由两部分组成：男、女单人滑和双人滑分别进行短节目和自由滑的比赛', '<span style=\"color:#191919;font-family:&quot;font-size:16px;white-space:normal;background-color:#FFFFFF;\">花样滑冰比赛由两部分组成：男、女单人滑和双人滑分别进行短节目和自由滑的比赛</span>', '2022-06-16 17:21:31', '2022-06-16 17:21:31'),
(79, 1, 24, '是400米赛道上较量滑行速度的冰上体育运动', '是400米赛道上较量滑行速度的冰上体育运动', '2022-06-16 17:31:54', '2022-06-16 17:31:54'),
(80, 2, 24, '是冰上的体育运动', '是冰上的体育运动', '2022-06-16 17:31:54', '2022-06-16 17:31:54'),
(81, 4, 24, '速度滑冰是在400米赛道上滑行的冰上体育运动', '速度滑冰是在400米赛道上滑行的冰上体育运动', '2022-06-16 17:33:59', '2022-06-16 17:33:59'),
(82, 5, 24, '速度滑冰是冰上体育运动', '速度滑冰是冰上体育运动', '2022-06-16 17:33:59', '2022-06-16 17:33:59'),
(83, 6, 24, '在400米赛道上较量滑行速度的冰上体育运动', '在400米赛道上较量滑行速度的冰上体育运动', '2022-06-16 17:36:06', '2022-06-16 17:36:06'),
(84, 2, 22, '2月5日-8日', '2月5日-8日', '2022-06-16 17:43:46', '2022-06-16 17:43:46'),
(85, 3, 22, '10日-13日、15日、17-19日', '10日-13日、15日、17-19日', '2022-06-16 17:43:46', '2022-06-16 17:43:46'),
(86, 4, 22, '15日、17-19日', '15日、17-19日', '2022-06-16 17:44:28', '2022-06-16 17:44:28'),
(87, 5, 22, '17-19日', '17-19日', '2022-06-16 17:44:28', '2022-06-16 17:44:28'),
(88, 6, 22, '2月5日-8日', '2月5日-8日', '2022-06-16 17:44:52', '2022-06-16 17:44:52'),
(89, 2, 23, '在英国首次举行15公里速度滑冰', '在英国首次举行15公里速度滑冰赛', '2022-06-16 17:46:20', '2022-06-16 17:46:20'),
(90, 3, 23, '1763年2月4日', '1763年2月4日', '2022-06-16 17:46:20', '2022-06-16 17:46:20'),
(91, 4, 23, '英国', '英国', '2022-06-16 17:48:09', '2022-06-16 17:48:09'),
(92, 5, 23, '1763年2月4日', '1763年2月4日', '2022-06-16 17:48:09', '2022-06-16 17:48:09'),
(93, 6, 23, '英国首次举行15公里速度滑冰赛', '英国首次举行15公里速度滑冰赛', '2022-06-16 17:48:09', '2022-06-16 17:48:09'),
(94, 2, 20, '男女', '男女', '2022-06-17 12:03:23', '2022-06-17 12:03:23'),
(95, 3, 20, '500米、1000米', '500米、1000米', '2022-06-17 12:03:23', '2022-06-17 12:03:23'),
(96, 4, 20, '1000米', '1000米', '2022-06-17 12:04:03', '2022-06-17 12:04:03'),
(97, 5, 20, '男女500米', '男女500米米', '2022-06-17 12:04:03', '2022-06-17 12:04:03'),
(98, 6, 20, '1000米', '1000米', '2022-06-17 12:04:20', '2022-06-17 12:04:20'),
(99, 2, 21, '国家速滑馆', '国家速滑馆', '2022-06-17 12:05:36', '2022-06-17 12:05:36'),
(100, 3, 21, '国家速滑馆', '国家速滑馆', '2022-06-17 12:05:36', '2022-06-17 12:05:36'),
(101, 4, 21, '国家速滑馆', '国家速滑馆', '2022-06-17 12:06:13', '2022-06-17 12:06:13'),
(102, 5, 21, '国家速滑馆', '国家速滑馆', '2022-06-17 12:06:13', '2022-06-17 12:06:13'),
(103, 6, 21, '国家速滑馆', '国家速滑馆', '2022-06-17 12:06:25', '2022-06-17 12:06:25'),
(104, 1, 3, '速度滑冰和短道速滑都属于冰上项目', '速度滑冰和短道速滑都属于冰上项目', '2022-06-17 12:07:55', '2022-06-17 12:07:55'),
(105, 3, 3, '两个项目在场地，运动员装备等方面有所不同', '两个项目在场地，运动员装备等方面有所不同', '2022-06-17 12:07:55', '2022-06-17 12:07:55'),
(106, 4, 3, '运动员装备等方面有所不同', '运动员装备等方面有所不同', '2022-06-17 12:08:55', '2022-06-17 12:08:55'),
(107, 5, 3, '速度滑冰和短道速滑都属于冰上项目', '速度滑冰和短道速滑都属于冰上项目', '2022-06-17 12:08:55', '2022-06-17 12:08:55'),
(108, 6, 3, '运动员装备等方面有所不同', '运动员装备等方面有所不同', '2022-06-17 12:09:13', '2022-06-17 12:09:13'),
(109, 2, 46, '花样滑冰比赛由两部分组成：男、女单人滑和双人滑分别进行短节目和自由滑的比赛', '<h4 style=\"font-family:&quot;font-size:medium;white-space:normal;\">\r\n	花样滑冰比赛由两部分组成：男、女单人滑和双人滑分别进行短节目和自由滑的比赛\r\n</h4>', '2022-06-17 12:10:25', '2022-06-17 12:10:25'),
(110, 2, 46, '花样滑冰比赛由两部分组成：男、女单人滑和双人滑分别进行短节目和自由滑的比赛', '<h4 style=\"font-family:&quot;font-size:medium;white-space:normal;\">\r\n	花样滑冰比赛由两部分组成：男、女单人滑和双人滑分别进行短节目和自由滑的比赛\r\n</h4>', '2022-06-17 12:10:29', '2022-06-17 12:10:29'),
(111, 2, 46, '花样滑冰比赛由两部分组成：男、女单人滑和双人滑分别进行短节目和自由滑的比赛', '<h4 style=\"font-family:&quot;font-size:medium;white-space:normal;\">\r\n	花样滑冰比赛由两部分组成：男、女单人滑和双人滑分别进行短节目和自由滑的比赛\r\n</h4>', '2022-06-17 12:10:33', '2022-06-17 12:10:33'),
(112, 2, 46, '花样滑冰比赛由两部分组成：男、女单人滑和双人滑分别进行短节目和自由滑的比赛', '<h4 style=\"font-family:&quot;font-size:medium;white-space:normal;\">\r\n	花样滑冰比赛由两部分组成：男、女单人滑和双人滑分别进行短节目和自由滑的比赛\r\n</h4>', '2022-06-17 12:10:37', '2022-06-17 12:10:37'),
(113, 2, 46, '花样滑冰比赛由两部分组成：男、女单人滑和双人滑分别进行短节目和自由滑的比赛', '<h4 style=\"font-family:&quot;font-size:medium;white-space:normal;\">\r\n	花样滑冰比赛由两部分组成：男、女单人滑和双人滑分别进行短节目和自由滑的比赛\r\n</h4>', '2022-06-17 12:10:40', '2022-06-17 12:10:40'),
(114, 2, 45, '首都体育馆', '<h4 style=\"font-family:&quot;font-size:medium;white-space:normal;\">\r\n	首都体育馆\r\n</h4>', '2022-06-17 12:10:53', '2022-06-17 12:10:53'),
(115, 2, 45, '首都体育馆', '<h4 style=\"font-family:&quot;font-size:medium;white-space:normal;\">\r\n	首都体育馆\r\n</h4>', '2022-06-17 12:10:58', '2022-06-17 12:10:58'),
(116, 2, 45, '首都体育馆', '<h4 style=\"font-family:&quot;font-size:medium;white-space:normal;\">\r\n	首都体育馆\r\n</h4>', '2022-06-17 12:11:01', '2022-06-17 12:11:01'),
(117, 2, 45, '首都体育馆', '<h4 style=\"font-family:&quot;font-size:medium;white-space:normal;\">\r\n	首都体育馆\r\n</h4>', '2022-06-17 12:11:04', '2022-06-17 12:11:04'),
(118, 2, 45, '首都体育馆', '<h4 style=\"font-family:&quot;font-size:medium;white-space:normal;\">\r\n	首都体育馆\r\n</h4>', '2022-06-17 12:11:08', '2022-06-17 12:11:08'),
(119, 2, 19, '首都体育馆', '<h4 style=\"font-family:&quot;font-size:medium;white-space:normal;\">\r\n	首都体育馆\r\n</h4>', '2022-06-17 12:11:17', '2022-06-17 12:11:17'),
(120, 2, 19, '首都体育馆', '<h4 style=\"font-family:&quot;font-size:medium;white-space:normal;\">\r\n	首都体育馆\r\n</h4>', '2022-06-17 12:11:21', '2022-06-17 12:11:21'),
(121, 2, 19, '首都体育馆', '<h4 style=\"font-family:&quot;font-size:medium;white-space:normal;\">\r\n	首都体育馆\r\n</h4>', '2022-06-17 12:11:24', '2022-06-17 12:11:24'),
(122, 2, 19, '首都体育馆', '<h4 style=\"font-family:&quot;font-size:medium;white-space:normal;\">\r\n	首都体育馆\r\n</h4>', '2022-06-17 12:11:33', '2022-06-17 12:11:33'),
(123, 2, 19, '首都体育馆', '<h4 style=\"font-family:&quot;font-size:medium;white-space:normal;\">\r\n	首都体育馆\r\n</h4>', '2022-06-17 12:11:38', '2022-06-17 12:11:38'),
(124, 2, 17, '花样滑冰起源于18世纪的英国，后相继在德国、北美地区国家迅速开展。', '<h4 style=\"font-family:&quot;font-size:medium;white-space:normal;\">\r\n	花样滑冰起源于18世纪的英国，后相继在德国、北美地区国家迅速开展。\r\n</h4>', '2022-06-17 12:11:48', '2022-06-17 12:11:48'),
(125, 2, 17, '花样滑冰起源于18世纪的英国，后相继在德国、北美地区国家迅速开展。', '<h4 style=\"font-family:&quot;font-size:medium;white-space:normal;\">\r\n	花样滑冰起源于18世纪的英国，后相继在德国、北美地区国家迅速开展。\r\n</h4>', '2022-06-17 12:11:51', '2022-06-17 12:11:51'),
(126, 2, 17, '花样滑冰起源于18世纪的英国，后相继在德国、北美地区国家迅速开展。', '<h4 style=\"font-family:&quot;font-size:medium;white-space:normal;\">\r\n	花样滑冰起源于18世纪的英国，后相继在德国、北美地区国家迅速开展。\r\n</h4>', '2022-06-17 12:11:55', '2022-06-17 12:11:55'),
(127, 2, 17, '花样滑冰起源于18世纪的英国，后相继在德国、北美地区国家迅速开展。', '<h4 style=\"font-family:&quot;font-size:medium;white-space:normal;\">\r\n	花样滑冰起源于18世纪的英国，后相继在德国、北美地区国家迅速开展。\r\n</h4>', '2022-06-17 12:11:59', '2022-06-17 12:11:59'),
(128, 2, 17, '花样滑冰起源于18世纪的英国，后相继在德国、北美地区国家迅速开展。', '<h4 style=\"font-family:&quot;font-size:medium;white-space:normal;\">\r\n	花样滑冰起源于18世纪的英国，后相继在德国、北美地区国家迅速开展。\r\n</h4>', '2022-06-17 12:12:02', '2022-06-17 12:12:02'),
(129, 2, 18, '男子单人滑、女子单人滑、男女双人滑、冰上舞蹈及混合团体共五枚金牌', '<h4 style=\"font-family:&quot;font-size:medium;white-space:normal;\">\r\n	男子单人滑、女子单人滑、男女双人滑、冰上舞蹈及混合团体共五枚金牌\r\n</h4>', '2022-06-17 12:12:15', '2022-06-17 12:12:15'),
(130, 2, 18, '男子单人滑、女子单人滑、男女双人滑、冰上舞蹈及混合团体共五枚金牌', '<h4 style=\"font-family:&quot;font-size:medium;white-space:normal;\">\r\n	男子单人滑、女子单人滑、男女双人滑、冰上舞蹈及混合团体共五枚金牌\r\n</h4>', '2022-06-17 12:12:19', '2022-06-17 12:12:19'),
(131, 2, 18, '男子单人滑、女子单人滑、男女双人滑、冰上舞蹈及混合团体共五枚金牌', '<h4 style=\"font-family:&quot;font-size:medium;white-space:normal;\">\r\n	男子单人滑、女子单人滑、男女双人滑、冰上舞蹈及混合团体共五枚金牌\r\n</h4>', '2022-06-17 12:12:22', '2022-06-17 12:12:22'),
(132, 2, 18, '男子单人滑、女子单人滑、男女双人滑、冰上舞蹈及混合团体共五枚金牌', '<h4 style=\"font-family:&quot;font-size:medium;white-space:normal;\">\r\n	男子单人滑、女子单人滑、男女双人滑、冰上舞蹈及混合团体共五枚金牌\r\n</h4>', '2022-06-17 12:12:25', '2022-06-17 12:12:25'),
(133, 2, 18, '男子单人滑、女子单人滑、男女双人滑、冰上舞蹈及混合团体共五枚金牌', '<h4 style=\"font-family:&quot;font-size:medium;white-space:normal;\">\r\n	男子单人滑、女子单人滑、男女双人滑、冰上舞蹈及混合团体共五枚金牌\r\n</h4>', '2022-06-17 12:12:29', '2022-06-17 12:12:29'),
(134, 2, 15, '温水', '<h4 style=\"font-family:&quot;font-size:medium;white-space:normal;\">\r\n	温水\r\n</h4>', '2022-06-17 12:12:42', '2022-06-17 12:12:42'),
(135, 2, 15, '温水', '<h4 style=\"font-family:&quot;font-size:medium;white-space:normal;\">\r\n	温水\r\n</h4>', '2022-06-17 12:12:48', '2022-06-17 12:12:48'),
(136, 2, 15, '温水', '<h4 style=\"font-family:&quot;font-size:medium;white-space:normal;\">\r\n	温水\r\n</h4>', '2022-06-17 12:12:51', '2022-06-17 12:12:51'),
(137, 2, 15, '温水', '<h4 style=\"font-family:&quot;font-size:medium;white-space:normal;\">\r\n	温水\r\n</h4>', '2022-06-17 12:12:55', '2022-06-17 12:12:55'),
(138, 2, 15, '温水', '<h4 style=\"font-family:&quot;font-size:medium;white-space:normal;\">\r\n	温水\r\n</h4>', '2022-06-17 12:12:59', '2022-06-17 12:12:59'),
(139, 2, 16, '阿克塞尔四周跳', '<h4 style=\"font-family:&quot;font-size:medium;white-space:normal;\">\r\n	阿克塞尔四周跳\r\n</h4>', '2022-06-17 12:13:18', '2022-06-17 12:13:18'),
(140, 2, 16, '阿克塞尔四周跳', '<h4 style=\"font-family:&quot;font-size:medium;white-space:normal;\">\r\n	阿克塞尔四周跳\r\n</h4>', '2022-06-17 12:13:24', '2022-06-17 12:13:24'),
(141, 2, 16, '阿克塞尔四周跳', '<h4 style=\"font-family:&quot;font-size:medium;white-space:normal;\">\r\n	阿克塞尔四周跳\r\n</h4>', '2022-06-17 12:13:28', '2022-06-17 12:13:28'),
(142, 2, 16, '阿克塞尔四周跳', '<h4 style=\"font-family:&quot;font-size:medium;white-space:normal;\">\r\n	阿克塞尔四周跳\r\n</h4>', '2022-06-17 12:13:33', '2022-06-17 12:13:33'),
(143, 2, 16, '阿克塞尔四周跳', '<h4 style=\"font-family:&quot;font-size:medium;white-space:normal;\">\r\n	阿克塞尔四周跳\r\n</h4>', '2022-06-17 12:13:37', '2022-06-17 12:13:37'),
(144, 2, 2, '长60m，宽30m的长方形冰场', '<h4 style=\"font-family:&quot;font-size:medium;white-space:normal;\">\r\n	长60m，宽30m的长方形冰场\r\n</h4>', '2022-06-17 12:13:58', '2022-06-17 12:13:58'),
(145, 2, 2, '长60m，宽30m的长方形冰场', '<h4 style=\"font-family:&quot;font-size:medium;white-space:normal;\">\r\n	长60m，宽30m的长方形冰场\r\n</h4>', '2022-06-17 12:14:02', '2022-06-17 12:14:02'),
(146, 2, 2, '长60m，宽30m的长方形冰场', '<h4 style=\"font-family:&quot;font-size:medium;white-space:normal;\">\r\n	长60m，宽30m的长方形冰场\r\n</h4>', '2022-06-17 12:14:06', '2022-06-17 12:14:06'),
(147, 2, 2, '长60m，宽30m的长方形冰场', '<h4 style=\"font-family:&quot;font-size:medium;white-space:normal;\">\r\n	长60m，宽30m的长方形冰场\r\n</h4>', '2022-06-17 12:14:11', '2022-06-17 12:14:11'),
(148, 2, 2, '长60m，宽30m的长方形冰场', '<h4 style=\"font-family:&quot;font-size:medium;white-space:normal;\">\r\n	长60m，宽30m的长方形冰场\r\n</h4>', '2022-06-17 12:14:20', '2022-06-17 12:14:20'),
(149, 4, 29, '空中，大回转，空中', '<h4 style=\"font-family:&quot;font-size:medium;white-space:normal;\">\r\n	空中，大回转，空中\r\n</h4>', '2022-06-17 12:14:57', '2022-06-17 12:14:57'),
(150, 4, 29, '空中，大回转，空中', '<h4 style=\"font-family:&quot;font-size:medium;white-space:normal;\">\r\n	空中，大回转，空中\r\n</h4>', '2022-06-17 12:15:03', '2022-06-17 12:15:03'),
(151, 4, 29, '空中，大回转，空中', '<h4 style=\"font-family:&quot;font-size:medium;white-space:normal;\">\r\n	空中，大回转，空中\r\n</h4>', '2022-06-17 12:15:07', '2022-06-17 12:15:07'),
(152, 4, 29, '空中，大回转，空中', '<h4 style=\"font-family:&quot;font-size:medium;white-space:normal;\">\r\n	空中，大回转，空中\r\n</h4>', '2022-06-17 12:15:10', '2022-06-17 12:15:10'),
(153, 4, 29, '空中，大回转，空中', '<h4 style=\"font-family:&quot;font-size:medium;white-space:normal;\">\r\n	空中，大回转，空中\r\n</h4>', '2022-06-17 12:15:14', '2022-06-17 12:15:14'),
(154, 4, 27, '滑雪运动（特别是现代竞技滑雪）发展到当今，项目不断在增多，领域不断在扩展。', '<h4 style=\"font-family:&quot;font-size:medium;white-space:normal;\">\r\n	滑雪运动（特别是现代竞技滑雪）发展到当今，项目不断在增多，领域不断在扩展。\r\n</h4>', '2022-06-17 12:15:24', '2022-06-17 12:15:24'),
(155, 4, 27, '滑雪运动（特别是现代竞技滑雪）发展到当今，项目不断在增多，领域不断在扩展。', '<h4 style=\"font-family:&quot;font-size:medium;white-space:normal;\">\r\n	滑雪运动（特别是现代竞技滑雪）发展到当今，项目不断在增多，领域不断在扩展。\r\n</h4>', '2022-06-17 12:15:29', '2022-06-17 12:15:29'),
(156, 4, 27, '滑雪运动（特别是现代竞技滑雪）发展到当今，项目不断在增多，领域不断在扩展。', '<h4 style=\"font-family:&quot;font-size:medium;white-space:normal;\">\r\n	滑雪运动（特别是现代竞技滑雪）发展到当今，项目不断在增多，领域不断在扩展。\r\n</h4>', '2022-06-17 12:15:32', '2022-06-17 12:15:32'),
(157, 4, 27, '滑雪运动（特别是现代竞技滑雪）发展到当今，项目不断在增多，领域不断在扩展。', '<h4 style=\"font-family:&quot;font-size:medium;white-space:normal;\">\r\n	滑雪运动（特别是现代竞技滑雪）发展到当今，项目不断在增多，领域不断在扩展。\r\n</h4>', '2022-06-17 12:15:36', '2022-06-17 12:15:36'),
(158, 4, 27, '滑雪运动（特别是现代竞技滑雪）发展到当今，项目不断在增多，领域不断在扩展。', '<h4 style=\"font-family:&quot;font-size:medium;white-space:normal;\">\r\n	滑雪运动（特别是现代竞技滑雪）发展到当今，项目不断在增多，领域不断在扩展。\r\n</h4>', '2022-06-17 12:15:40', '2022-06-17 12:15:40'),
(159, 4, 28, '阿尔卑斯山式，现代滑雪...', '<h4 style=\"font-family:&quot;font-size:medium;white-space:normal;\">\r\n	阿尔卑斯山式，现代滑雪...\r\n</h4>', '2022-06-17 12:15:50', '2022-06-17 12:15:50'),
(160, 4, 28, '阿尔卑斯山式，现代滑雪...', '<h4 style=\"font-family:&quot;font-size:medium;white-space:normal;\">\r\n	阿尔卑斯山式，现代滑雪...\r\n</h4>', '2022-06-17 12:15:55', '2022-06-17 12:15:55'),
(161, 4, 28, '阿尔卑斯山式，现代滑雪...', '<h4 style=\"font-family:&quot;font-size:medium;white-space:normal;\">\r\n	阿尔卑斯山式，现代滑雪...\r\n</h4>', '2022-06-17 12:15:59', '2022-06-17 12:15:59'),
(162, 4, 28, '阿尔卑斯山式，现代滑雪...', '<h4 style=\"font-family:&quot;font-size:medium;white-space:normal;\">\r\n	阿尔卑斯山式，现代滑雪...\r\n</h4>', '2022-06-17 12:16:02', '2022-06-17 12:16:02'),
(163, 4, 28, '阿尔卑斯山式，现代滑雪...', '<h4 style=\"font-family:&quot;font-size:medium;white-space:normal;\">\r\n	阿尔卑斯山式，现代滑雪...\r\n</h4>', '2022-06-17 12:16:06', '2022-06-17 12:16:06'),
(164, 4, 25, '滑雪运动是运动员把滑雪板装在靴底上在雪地上进行速度、跳跃和滑降的竞赛运动。', '<h4 style=\"font-family:&quot;font-size:medium;white-space:normal;\">\r\n	滑雪运动是运动员把滑雪板装在靴底上在雪地上进行速度、跳跃和滑降的竞赛运动。\r\n</h4>', '2022-06-17 12:16:20', '2022-06-17 12:16:20'),
(165, 4, 25, '滑雪运动是运动员把滑雪板装在靴底上在雪地上进行速度、跳跃和滑降的竞赛运动。', '<h4 style=\"font-family:&quot;font-size:medium;white-space:normal;\">\r\n	滑雪运动是运动员把滑雪板装在靴底上在雪地上进行速度、跳跃和滑降的竞赛运动。\r\n</h4>', '2022-06-17 12:16:25', '2022-06-17 12:16:25'),
(166, 4, 25, '滑雪运动是运动员把滑雪板装在靴底上在雪地上进行速度、跳跃和滑降的竞赛运动。', '<h4 style=\"font-family:&quot;font-size:medium;white-space:normal;\">\r\n	滑雪运动是运动员把滑雪板装在靴底上在雪地上进行速度、跳跃和滑降的竞赛运动。\r\n</h4>', '2022-06-17 12:16:29', '2022-06-17 12:16:29'),
(167, 4, 25, '滑雪运动是运动员把滑雪板装在靴底上在雪地上进行速度、跳跃和滑降的竞赛运动。', '<h4 style=\"font-family:&quot;font-size:medium;white-space:normal;\">\r\n	滑雪运动是运动员把滑雪板装在靴底上在雪地上进行速度、跳跃和滑降的竞赛运动。\r\n</h4>', '2022-06-17 12:16:33', '2022-06-17 12:16:33'),
(168, 4, 25, '滑雪运动是运动员把滑雪板装在靴底上在雪地上进行速度、跳跃和滑降的竞赛运动。', '<h4 style=\"font-family:&quot;font-size:medium;white-space:normal;\">\r\n	滑雪运动是运动员把滑雪板装在靴底上在雪地上进行速度、跳跃和滑降的竞赛运动。\r\n</h4>', '2022-06-17 12:16:36', '2022-06-17 12:16:36'),
(169, 4, 26, '滑雪运动起源并发展于斯堪的纳维亚国家。', '<h4 style=\"font-family:&quot;font-size:medium;white-space:normal;\">\r\n	滑雪运动起源并发展于斯堪的纳维亚国家。\r\n</h4>', '2022-06-17 12:16:46', '2022-06-17 12:16:46'),
(170, 4, 26, '滑雪运动起源并发展于斯堪的纳维亚国家。', '<h4 style=\"font-family:&quot;font-size:medium;white-space:normal;\">\r\n	滑雪运动起源并发展于斯堪的纳维亚国家。\r\n</h4>', '2022-06-17 12:16:50', '2022-06-17 12:16:50'),
(171, 4, 26, '滑雪运动起源并发展于斯堪的纳维亚国家。', '<h4 style=\"font-family:&quot;font-size:medium;white-space:normal;\">\r\n	滑雪运动起源并发展于斯堪的纳维亚国家。\r\n</h4>', '2022-06-17 12:16:54', '2022-06-17 12:16:54'),
(172, 4, 26, '滑雪运动起源并发展于斯堪的纳维亚国家。', '<h4 style=\"font-family:&quot;font-size:medium;white-space:normal;\">\r\n	滑雪运动起源并发展于斯堪的纳维亚国家。\r\n</h4>', '2022-06-17 12:16:57', '2022-06-17 12:16:57'),
(173, 4, 26, '滑雪运动起源并发展于斯堪的纳维亚国家。', '<h4 style=\"font-family:&quot;font-size:medium;white-space:normal;\">\r\n	滑雪运动起源并发展于斯堪的纳维亚国家。\r\n</h4>', '2022-06-17 12:17:01', '2022-06-17 12:17:01'),
(174, 4, 4, '11枚', '<h4 style=\"font-family:&quot;font-size:medium;white-space:normal;\">\r\n	11枚\r\n</h4>', '2022-06-17 12:17:15', '2022-06-17 12:17:15'),
(175, 4, 4, '11枚', '<h4 style=\"font-family:&quot;font-size:medium;white-space:normal;\">\r\n	11枚\r\n</h4>', '2022-06-17 12:17:18', '2022-06-17 12:17:18'),
(176, 4, 4, '11枚', '<h4 style=\"font-family:&quot;font-size:medium;white-space:normal;\">\r\n	11枚\r\n</h4>', '2022-06-17 12:17:22', '2022-06-17 12:17:22'),
(177, 4, 4, '11枚', '<h4 style=\"font-family:&quot;font-size:medium;white-space:normal;\">\r\n	11枚\r\n</h4>', '2022-06-17 12:17:26', '2022-06-17 12:17:26'),
(178, 4, 4, '11枚', '<h4 style=\"font-family:&quot;font-size:medium;white-space:normal;\">\r\n	11枚\r\n</h4>', '2022-06-17 12:17:29', '2022-06-17 12:17:29'),
(179, 4, 34, '赛道设有各种形状的障碍物及跳台，选手从顶端滑下。选手可以在不同的障碍物中选择一条路线进行比赛。', '<h4 style=\"font-family:&quot;font-size:medium;white-space:normal;\">\r\n	赛道设有各种形状的障碍物及跳台，选手从顶端滑下。选手可以在不同的障碍物中选择一条路线进行比赛。\r\n</h4>', '2022-06-17 12:17:42', '2022-06-17 12:17:42'),
(180, 4, 34, '赛道设有各种形状的障碍物及跳台，选手从顶端滑下。选手可以在不同的障碍物中选择一条路线进行比赛。', '<h4 style=\"font-family:&quot;font-size:medium;white-space:normal;\">\r\n	赛道设有各种形状的障碍物及跳台，选手从顶端滑下。选手可以在不同的障碍物中选择一条路线进行比赛。\r\n</h4>', '2022-06-17 12:17:47', '2022-06-17 12:17:47'),
(181, 4, 34, '赛道设有各种形状的障碍物及跳台，选手从顶端滑下。选手可以在不同的障碍物中选择一条路线进行比赛。', '<h4 style=\"font-family:&quot;font-size:medium;white-space:normal;\">\r\n	赛道设有各种形状的障碍物及跳台，选手从顶端滑下。选手可以在不同的障碍物中选择一条路线进行比赛。\r\n</h4>', '2022-06-17 12:17:51', '2022-06-17 12:17:51'),
(182, 4, 34, '赛道设有各种形状的障碍物及跳台，选手从顶端滑下。选手可以在不同的障碍物中选择一条路线进行比赛。', '<h4 style=\"font-family:&quot;font-size:medium;white-space:normal;\">\r\n	赛道设有各种形状的障碍物及跳台，选手从顶端滑下。选手可以在不同的障碍物中选择一条路线进行比赛。\r\n</h4>', '2022-06-17 12:17:55', '2022-06-17 12:17:55'),
(183, 4, 34, '赛道设有各种形状的障碍物及跳台，选手从顶端滑下。选手可以在不同的障碍物中选择一条路线进行比赛。', '<h4 style=\"font-family:&quot;font-size:medium;white-space:normal;\">\r\n	赛道设有各种形状的障碍物及跳台，选手从顶端滑下。选手可以在不同的障碍物中选择一条路线进行比赛。\r\n</h4>', '2022-06-17 12:17:59', '2022-06-17 12:17:59'),
(184, 5, 32, '唯一一项运动员不持雪仗进行的比赛。选手从大型跳台上起跳，进行一系列腾空动作。', '<h4 style=\"font-family:&quot;font-size:medium;white-space:normal;\">\r\n	唯一一项运动员不持雪仗进行的比赛。选手从大型跳台上起跳，进行一系列腾空动作。\r\n</h4>', '2022-06-17 12:18:21', '2022-06-17 12:18:21'),
(185, 5, 32, '唯一一项运动员不持雪仗进行的比赛。选手从大型跳台上起跳，进行一系列腾空动作。', '<h4 style=\"font-family:&quot;font-size:medium;white-space:normal;\">\r\n	唯一一项运动员不持雪仗进行的比赛。选手从大型跳台上起跳，进行一系列腾空动作。\r\n</h4>', '2022-06-17 12:18:25', '2022-06-17 12:18:25'),
(186, 5, 32, '唯一一项运动员不持雪仗进行的比赛。选手从大型跳台上起跳，进行一系列腾空动作。', '<h4 style=\"font-family:&quot;font-size:medium;white-space:normal;\">\r\n	唯一一项运动员不持雪仗进行的比赛。选手从大型跳台上起跳，进行一系列腾空动作。\r\n</h4>', '2022-06-17 12:18:29', '2022-06-17 12:18:29'),
(187, 5, 32, '唯一一项运动员不持雪仗进行的比赛。选手从大型跳台上起跳，进行一系列腾空动作。', '<h4 style=\"font-family:&quot;font-size:medium;white-space:normal;\">\r\n	唯一一项运动员不持雪仗进行的比赛。选手从大型跳台上起跳，进行一系列腾空动作。\r\n</h4>', '2022-06-17 12:18:34', '2022-06-17 12:18:34'),
(188, 5, 32, '唯一一项运动员不持雪仗进行的比赛。选手从大型跳台上起跳，进行一系列腾空动作。', '<h4 style=\"font-family:&quot;font-size:medium;white-space:normal;\">\r\n	唯一一项运动员不持雪仗进行的比赛。选手从大型跳台上起跳，进行一系列腾空动作。\r\n</h4>', '2022-06-17 12:18:38', '2022-06-17 12:18:38'),
(189, 5, 33, '选手在U形场地的雪面上滑行，借助左右两端的墙面跳起，完成一系列动作', '<h4 style=\"font-family:&quot;font-size:medium;white-space:normal;\">\r\n	选手在U形场地的雪面上滑行，借助左右两端的墙面跳起，完成一系列动作\r\n</h4>', '2022-06-17 12:18:48', '2022-06-17 12:18:48'),
(190, 5, 33, '选手在U形场地的雪面上滑行，借助左右两端的墙面跳起，完成一系列动作', '<h4 style=\"font-family:&quot;font-size:medium;white-space:normal;\">\r\n	选手在U形场地的雪面上滑行，借助左右两端的墙面跳起，完成一系列动作\r\n</h4>', '2022-06-17 12:18:52', '2022-06-17 12:18:52'),
(191, 5, 33, '选手在U形场地的雪面上滑行，借助左右两端的墙面跳起，完成一系列动作', '<h4 style=\"font-family:&quot;font-size:medium;white-space:normal;\">\r\n	选手在U形场地的雪面上滑行，借助左右两端的墙面跳起，完成一系列动作\r\n</h4>', '2022-06-17 12:18:56', '2022-06-17 12:18:56'),
(192, 5, 33, '选手在U形场地的雪面上滑行，借助左右两端的墙面跳起，完成一系列动作', '<h4 style=\"font-family:&quot;font-size:medium;white-space:normal;\">\r\n	选手在U形场地的雪面上滑行，借助左右两端的墙面跳起，完成一系列动作\r\n</h4>', '2022-06-17 12:18:59', '2022-06-17 12:18:59'),
(193, 5, 33, '选手在U形场地的雪面上滑行，借助左右两端的墙面跳起，完成一系列动作', '<h4 style=\"font-family:&quot;font-size:medium;white-space:normal;\">\r\n	选手在U形场地的雪面上滑行，借助左右两端的墙面跳起，完成一系列动作\r\n</h4>', '2022-06-17 12:19:03', '2022-06-17 12:19:03'),
(194, 5, 30, '雪上技巧 空中技巧 障碍追逐 U型场地技巧 坡面障碍技巧', '<h4 style=\"font-family:&quot;font-size:medium;white-space:normal;\">\r\n	雪上技巧 空中技巧 障碍追逐 U型场地技巧 坡面障碍技巧\r\n</h4>', '2022-06-17 12:19:12', '2022-06-17 12:19:12'),
(195, 5, 30, '雪上技巧 空中技巧 障碍追逐 U型场地技巧 坡面障碍技巧', '<h4 style=\"font-family:&quot;font-size:medium;white-space:normal;\">\r\n	雪上技巧 空中技巧 障碍追逐 U型场地技巧 坡面障碍技巧\r\n</h4>', '2022-06-17 12:19:16', '2022-06-17 12:19:16'),
(196, 5, 30, '雪上技巧 空中技巧 障碍追逐 U型场地技巧 坡面障碍技巧', '<h4 style=\"font-family:&quot;font-size:medium;white-space:normal;\">\r\n	雪上技巧 空中技巧 障碍追逐 U型场地技巧 坡面障碍技巧\r\n</h4>', '2022-06-17 12:19:20', '2022-06-17 12:19:20'),
(197, 5, 30, '雪上技巧 空中技巧 障碍追逐 U型场地技巧 坡面障碍技巧', '<h4 style=\"font-family:&quot;font-size:medium;white-space:normal;\">\r\n	雪上技巧 空中技巧 障碍追逐 U型场地技巧 坡面障碍技巧\r\n</h4>', '2022-06-17 12:19:23', '2022-06-17 12:19:23'),
(198, 5, 30, '雪上技巧 空中技巧 障碍追逐 U型场地技巧 坡面障碍技巧', '<h4 style=\"font-family:&quot;font-size:medium;white-space:normal;\">\r\n	雪上技巧 空中技巧 障碍追逐 U型场地技巧 坡面障碍技巧\r\n</h4>', '2022-06-17 12:19:27', '2022-06-17 12:19:27'),
(199, 5, 30, '雪上技巧 空中技巧 障碍追逐 U型场地技巧 坡面障碍技巧', '<h4 style=\"font-family:&quot;font-size:medium;white-space:normal;\">\r\n	雪上技巧 空中技巧 障碍追逐 U型场地技巧 坡面障碍技巧\r\n</h4>', '2022-06-17 12:19:30', '2022-06-17 12:19:30'),
(200, 5, 31, '比赛对滑行速度、弯道技巧、两次跳跃的情况进行评分', '<h4 style=\"font-family:&quot;font-size:medium;white-space:normal;\">\r\n	比赛对滑行速度、弯道技巧、两次跳跃的情况进行评分\r\n</h4>', '2022-06-17 12:19:42', '2022-06-17 12:19:42'),
(201, 5, 31, '比赛对滑行速度、弯道技巧、两次跳跃的情况进行评分', '<h4 style=\"font-family:&quot;font-size:medium;white-space:normal;\">\r\n	比赛对滑行速度、弯道技巧、两次跳跃的情况进行评分\r\n</h4>', '2022-06-17 12:19:45', '2022-06-17 12:19:45'),
(202, 5, 31, '比赛对滑行速度、弯道技巧、两次跳跃的情况进行评分', '<h4 style=\"font-family:&quot;font-size:medium;white-space:normal;\">\r\n	比赛对滑行速度、弯道技巧、两次跳跃的情况进行评分\r\n</h4>', '2022-06-17 12:19:48', '2022-06-17 12:19:48'),
(203, 5, 31, '比赛对滑行速度、弯道技巧、两次跳跃的情况进行评分', '<h4 style=\"font-family:&quot;font-size:medium;white-space:normal;\">\r\n	比赛对滑行速度、弯道技巧、两次跳跃的情况进行评分\r\n</h4>', '2022-06-17 12:19:55', '2022-06-17 12:19:55'),
(204, 5, 31, '比赛对滑行速度、弯道技巧、两次跳跃的情况进行评分', '<h4 style=\"font-family:&quot;font-size:medium;white-space:normal;\">\r\n	比赛对滑行速度、弯道技巧、两次跳跃的情况进行评分\r\n</h4>', '2022-06-17 12:19:59', '2022-06-17 12:19:59'),
(205, 5, 5, '谷爱凌', '<h4 style=\"font-family:&quot;font-size:medium;white-space:normal;\">\r\n	谷爱凌\r\n</h4>', '2022-06-17 12:20:23', '2022-06-17 12:20:23'),
(206, 5, 5, '谷爱凌', '<h4 style=\"font-family:&quot;font-size:medium;white-space:normal;\">\r\n	谷爱凌\r\n</h4>', '2022-06-17 12:20:27', '2022-06-17 12:20:27'),
(207, 5, 5, '谷爱凌', '<h4 style=\"font-family:&quot;font-size:medium;white-space:normal;\">\r\n	谷爱凌\r\n</h4>', '2022-06-17 12:20:31', '2022-06-17 12:20:31'),
(208, 5, 5, '谷爱凌', '<h4 style=\"font-family:&quot;font-size:medium;white-space:normal;\">\r\n	谷爱凌\r\n</h4>', '2022-06-17 12:20:35', '2022-06-17 12:20:35'),
(209, 5, 5, '谷爱凌', '<h4 style=\"font-family:&quot;font-size:medium;white-space:normal;\">\r\n	谷爱凌\r\n</h4>', '2022-06-17 12:20:38', '2022-06-17 12:20:38'),
(210, 5, 5, '谷爱凌', '<h4 style=\"font-family:&quot;font-size:medium;white-space:normal;\">\r\n	谷爱凌\r\n</h4>', '2022-06-17 12:20:42', '2022-06-17 12:20:42'),
(211, 5, 39, '国家雪车雪橇中心', '<h4 style=\"font-family:&quot;font-size:medium;white-space:normal;\">\r\n	国家雪车雪橇中心\r\n</h4>', '2022-06-17 12:21:16', '2022-06-17 12:21:16'),
(212, 6, 39, '国家雪车雪橇中心', '<h4 style=\"font-family:&quot;font-size:medium;white-space:normal;\">\r\n	国家雪车雪橇中心\r\n</h4>', '2022-06-17 12:22:34', '2022-06-17 12:22:34'),
(213, 6, 39, '国家雪车雪橇中心', '<h4 style=\"font-family:&quot;font-size:medium;white-space:normal;\">\r\n	国家雪车雪橇中心\r\n</h4>', '2022-06-17 12:22:48', '2022-06-17 12:22:48'),
(214, 6, 39, '国家雪车雪橇中心', '<h4 style=\"font-family:&quot;font-size:medium;white-space:normal;\">\r\n	国家雪车雪橇中心\r\n</h4>', '2022-06-17 12:22:55', '2022-06-17 12:22:55'),
(215, 6, 39, '国家雪车雪橇中心', '<h4 style=\"font-family:&quot;font-size:medium;white-space:normal;\">\r\n	国家雪车雪橇中心\r\n</h4>', '2022-06-17 12:23:03', '2022-06-17 12:23:03'),
(216, 6, 37, '每队下滑4次，以总时间计算名次，时间少者为胜。', '<span style=\"font-family:&quot;font-size:medium;white-space:normal;\">每队下滑4次，以总时间计算名次，时间少者为胜。</span>', '2022-06-17 12:23:43', '2022-06-17 12:23:43'),
(217, 6, 37, '每队下滑4次，以总时间计算名次，时间少者为胜。', '<span style=\"font-family:&quot;font-size:medium;white-space:normal;\">每队下滑4次，以总时间计算名次，时间少者为胜。</span>', '2022-06-17 12:23:50', '2022-06-17 12:23:50'),
(218, 6, 37, '每队下滑4次，以总时间计算名次，时间少者为胜。', '<span style=\"font-family:&quot;font-size:medium;white-space:normal;\">每队下滑4次，以总时间计算名次，时间少者为胜。</span>', '2022-06-17 12:23:57', '2022-06-17 12:23:57'),
(219, 6, 37, '每队下滑4次，以总时间计算名次，时间少者为胜。', '<span style=\"font-family:&quot;font-size:medium;white-space:normal;\">每队下滑4次，以总时间计算名次，时间少者为胜。</span>', '2022-06-17 12:24:02', '2022-06-17 12:24:02'),
(220, 6, 37, '每队下滑4次，以总时间计算名次，时间少者为胜。', '<span style=\"font-family:&quot;font-size:medium;white-space:normal;\">每队下滑4次，以总时间计算名次，时间少者为胜。</span>', '2022-06-17 12:24:09', '2022-06-17 12:24:09'),
(221, 6, 38, '北京冬奥会雪车项目共设置男子双人、女子双人、女子单人及四人雪车（不限性别）四枚金牌', '<span style=\"font-family:&quot;font-size:medium;white-space:normal;\">北京冬奥会雪车项目共设置男子双人、女子双人、女子单人及四人雪车（不限性别）四枚金牌</span>', '2022-06-17 12:24:32', '2022-06-17 12:24:32'),
(222, 6, 38, '北京冬奥会雪车项目共设置男子双人、女子双人、女子单人及四人雪车（不限性别）四枚金牌', '<span style=\"font-family:&quot;font-size:medium;white-space:normal;\">北京冬奥会雪车项目共设置男子双人、女子双人、女子单人及四人雪车（不限性别）四枚金牌</span>', '2022-06-17 12:24:39', '2022-06-17 12:24:39'),
(223, 6, 38, '北京冬奥会雪车项目共设置男子双人、女子双人、女子单人及四人雪车（不限性别）四枚金牌', '<span style=\"font-family:&quot;font-size:medium;white-space:normal;\">北京冬奥会雪车项目共设置男子双人、女子双人、女子单人及四人雪车（不限性别）四枚金牌</span>', '2022-06-17 12:24:46', '2022-06-17 12:24:46'),
(224, 6, 38, '北京冬奥会雪车项目共设置男子双人、女子双人、女子单人及四人雪车（不限性别）四枚金牌', '<span style=\"font-family:&quot;font-size:medium;white-space:normal;\">北京冬奥会雪车项目共设置男子双人、女子双人、女子单人及四人雪车（不限性别）四枚金牌</span>', '2022-06-17 12:24:52', '2022-06-17 12:24:52'),
(225, 6, 38, '北京冬奥会雪车项目共设置男子双人、女子双人、女子单人及四人雪车（不限性别）四枚金牌', '<span style=\"font-family:&quot;font-size:medium;white-space:normal;\">北京冬奥会雪车项目共设置男子双人、女子双人、女子单人及四人雪车（不限性别）四枚金牌</span>', '2022-06-17 12:24:59', '2022-06-17 12:24:59'),
(226, 6, 35, '雪车也称“有舵雪橇”，起源于19世纪后期的瑞士，是乘坐可操纵方向的雪橇在冰道上滑行的运动项目。', '<span style=\"font-family:&quot;font-size:medium;white-space:normal;\">雪车也称“有舵雪橇”，起源于19世纪后期的瑞士，是乘坐可操纵方向的雪橇在冰道上滑行的运动项目。</span>', '2022-06-17 12:25:22', '2022-06-17 12:25:22'),
(227, 6, 35, '雪车也称“有舵雪橇”，起源于19世纪后期的瑞士，是乘坐可操纵方向的雪橇在冰道上滑行的运动项目。', '<span style=\"font-family:&quot;font-size:medium;white-space:normal;\">雪车也称“有舵雪橇”，起源于19世纪后期的瑞士，是乘坐可操纵方向的雪橇在冰道上滑行的运动项目。</span>', '2022-06-17 12:25:29', '2022-06-17 12:25:29'),
(228, 6, 35, '雪车也称“有舵雪橇”，起源于19世纪后期的瑞士，是乘坐可操纵方向的雪橇在冰道上滑行的运动项目。', '<span style=\"font-family:&quot;font-size:medium;white-space:normal;\">雪车也称“有舵雪橇”，起源于19世纪后期的瑞士，是乘坐可操纵方向的雪橇在冰道上滑行的运动项目。</span>', '2022-06-17 12:25:35', '2022-06-17 12:25:35'),
(229, 6, 35, '雪车也称“有舵雪橇”，起源于19世纪后期的瑞士，是乘坐可操纵方向的雪橇在冰道上滑行的运动项目。', '<span style=\"font-family:&quot;font-size:medium;white-space:normal;\">雪车也称“有舵雪橇”，起源于19世纪后期的瑞士，是乘坐可操纵方向的雪橇在冰道上滑行的运动项目。</span>', '2022-06-17 12:25:41', '2022-06-17 12:25:41'),
(230, 6, 35, '雪车也称“有舵雪橇”，起源于19世纪后期的瑞士，是乘坐可操纵方向的雪橇在冰道上滑行的运动项目。', '<span style=\"font-family:&quot;font-size:medium;white-space:normal;\">雪车也称“有舵雪橇”，起源于19世纪后期的瑞士，是乘坐可操纵方向的雪橇在冰道上滑行的运动项目。</span>', '2022-06-17 12:25:48', '2022-06-17 12:25:48'),
(231, 6, 36, '雪车男子四人座在1924年第一届冬季奥运会上被采纳为正式比赛项目。', '<span style=\"font-family:&quot;font-size:medium;white-space:normal;\">雪车男子四人座在1924年第一届冬季奥运会上被采纳为正式比赛项目。</span>', '2022-06-17 12:26:07', '2022-06-17 12:26:07'),
(232, 6, 36, '雪车男子四人座在1924年第一届冬季奥运会上被采纳为正式比赛项目。', '<span style=\"font-family:&quot;font-size:medium;white-space:normal;\">雪车男子四人座在1924年第一届冬季奥运会上被采纳为正式比赛项目。</span>', '2022-06-17 12:26:13', '2022-06-17 12:26:13'),
(233, 6, 36, '雪车男子四人座在1924年第一届冬季奥运会上被采纳为正式比赛项目。', '<span style=\"font-family:&quot;font-size:medium;white-space:normal;\">雪车男子四人座在1924年第一届冬季奥运会上被采纳为正式比赛项目。</span>', '2022-06-17 12:26:19', '2022-06-17 12:26:19'),
(234, 6, 36, '雪车男子四人座在1924年第一届冬季奥运会上被采纳为正式比赛项目。', '<span style=\"font-family:&quot;font-size:medium;white-space:normal;\">雪车男子四人座在1924年第一届冬季奥运会上被采纳为正式比赛项目。</span>', '2022-06-17 12:26:26', '2022-06-17 12:26:26'),
(235, 6, 36, '雪车男子四人座在1924年第一届冬季奥运会上被采纳为正式比赛项目。', '<span style=\"font-family:&quot;font-size:medium;white-space:normal;\">雪车男子四人座在1924年第一届冬季奥运会上被采纳为正式比赛项目。</span>', '2022-06-17 12:26:32', '2022-06-17 12:26:32'),
(236, 6, 6, '男子双人，女子双人，男子四人，女子单人', '<span style=\"white-space:nowrap;\">男子双人，女子双人，男子四人，女子单人</span>', '2022-06-17 12:27:38', '2022-06-17 12:27:38'),
(237, 6, 6, '男子双人，女子双人，男子四人，女子单人', '<span style=\"white-space:nowrap;\">男子双人，女子双人，男子四人，女子单人</span>', '2022-06-17 12:27:44', '2022-06-17 12:27:44'),
(238, 6, 6, '男子双人，女子双人，男子四人，女子单人', '<span style=\"white-space:nowrap;\">男子双人，女子双人，男子四人，女子单人</span>', '2022-06-17 12:27:48', '2022-06-17 12:27:48'),
(239, 6, 6, '男子双人，女子双人，男子四人，女子单人', '<span style=\"white-space:nowrap;\">男子双人，女子双人，男子四人，女子单人</span>', '2022-06-17 12:27:52', '2022-06-17 12:27:52'),
(240, 6, 6, '男子双人，女子双人，男子四人，女子单人', '<span style=\"white-space:nowrap;\">男子双人，女子双人，男子四人，女子单人</span>', '2022-06-17 12:27:55', '2022-06-17 12:27:55'),
(241, 6, 44, '延庆赛区的国家雪车雪橇中心', '<span style=\"font-family:&quot;font-size:medium;white-space:normal;\">延庆赛区的国家雪车雪橇中心</span>', '2022-06-17 12:28:16', '2022-06-17 12:28:16'),
(242, 6, 44, '延庆赛区的国家雪车雪橇中心', '<span style=\"font-family:&quot;font-size:medium;white-space:normal;\">延庆赛区的国家雪车雪橇中心</span>', '2022-06-17 12:28:19', '2022-06-17 12:28:19'),
(243, 6, 44, '延庆赛区的国家雪车雪橇中心', '<span style=\"font-family:&quot;font-size:medium;white-space:normal;\">延庆赛区的国家雪车雪橇中心</span>', '2022-06-17 12:28:23', '2022-06-17 12:28:23'),
(244, 6, 44, '延庆赛区的国家雪车雪橇中心', '<span style=\"font-family:&quot;font-size:medium;white-space:normal;\">延庆赛区的国家雪车雪橇中心</span>', '2022-06-17 12:28:27', '2022-06-17 12:28:27'),
(245, 6, 44, '延庆赛区的国家雪车雪橇中心', '<span style=\"font-family:&quot;font-size:medium;white-space:normal;\">延庆赛区的国家雪车雪橇中心</span>', '2022-06-17 12:28:30', '2022-06-17 12:28:30'),
(246, 6, 43, '钢架雪车比赛所用赛道与雪橇、雪车相同，并与雪车共用一个起点', '<span style=\"font-family:&quot;font-size:medium;white-space:normal;\">钢架雪车比赛所用赛道与雪橇、雪车相同，并与雪车共用一个起点</span>', '2022-06-17 12:29:24', '2022-06-17 12:29:24'),
(247, 6, 43, '钢架雪车比赛所用赛道与雪橇、雪车相同，并与雪车共用一个起点', '<span style=\"font-family:&quot;font-size:medium;white-space:normal;\">钢架雪车比赛所用赛道与雪橇、雪车相同，并与雪车共用一个起点</span>', '2022-06-17 12:29:28', '2022-06-17 12:29:28'),
(248, 6, 43, '钢架雪车比赛所用赛道与雪橇、雪车相同，并与雪车共用一个起点', '<span style=\"font-family:&quot;font-size:medium;white-space:normal;\">钢架雪车比赛所用赛道与雪橇、雪车相同，并与雪车共用一个起点</span>', '2022-06-17 12:29:32', '2022-06-17 12:29:32'),
(249, 6, 43, '钢架雪车比赛所用赛道与雪橇、雪车相同，并与雪车共用一个起点', '<span style=\"font-family:&quot;font-size:medium;white-space:normal;\">钢架雪车比赛所用赛道与雪橇、雪车相同，并与雪车共用一个起点</span>', '2022-06-17 12:29:36', '2022-06-17 12:29:36'),
(250, 6, 43, '钢架雪车比赛所用赛道与雪橇、雪车相同，并与雪车共用一个起点', '<span style=\"font-family:&quot;font-size:medium;white-space:normal;\">钢架雪车比赛所用赛道与雪橇、雪车相同，并与雪车共用一个起点</span>', '2022-06-17 12:29:40', '2022-06-17 12:29:40'),
(251, 6, 42, '比赛前，选手要将雪车送至起点测温。到比赛时雪车雪板温度与赛前测温温差不得超过4℃.', '<span style=\"font-family:&quot;font-size:medium;white-space:normal;\">比赛前，选手要将雪车送至起点测温。到比赛时雪车雪板温度与赛前测温温差不得超过4℃.</span>', '2022-06-17 12:29:52', '2022-06-17 12:29:52'),
(252, 6, 42, '比赛前，选手要将雪车送至起点测温。到比赛时雪车雪板温度与赛前测温温差不得超过4℃.', '<span style=\"font-family:&quot;font-size:medium;white-space:normal;\">比赛前，选手要将雪车送至起点测温。到比赛时雪车雪板温度与赛前测温温差不得超过4℃.</span>', '2022-06-17 12:29:55', '2022-06-17 12:29:55'),
(253, 6, 42, '比赛前，选手要将雪车送至起点测温。到比赛时雪车雪板温度与赛前测温温差不得超过4℃.', '<span style=\"font-family:&quot;font-size:medium;white-space:normal;\">比赛前，选手要将雪车送至起点测温。到比赛时雪车雪板温度与赛前测温温差不得超过4℃.</span>', '2022-06-17 12:29:59', '2022-06-17 12:29:59'),
(254, 6, 42, '比赛前，选手要将雪车送至起点测温。到比赛时雪车雪板温度与赛前测温温差不得超过4℃.', '<span style=\"font-family:&quot;font-size:medium;white-space:normal;\">比赛前，选手要将雪车送至起点测温。到比赛时雪车雪板温度与赛前测温温差不得超过4℃.</span>', '2022-06-17 12:30:03', '2022-06-17 12:30:03'),
(255, 6, 42, '比赛前，选手要将雪车送至起点测温。到比赛时雪车雪板温度与赛前测温温差不得超过4℃.', '<span style=\"font-family:&quot;font-size:medium;white-space:normal;\">比赛前，选手要将雪车送至起点测温。到比赛时雪车雪板温度与赛前测温温差不得超过4℃.</span>', '2022-06-17 12:30:06', '2022-06-17 12:30:06'),
(256, 6, 40, '滑雪、滑冰、冰球、雪车、冬季两项、雪橇、冰壶；', '<span style=\"font-family:&quot;font-size:medium;white-space:normal;\">滑雪、滑冰、冰球、雪车、冬季两项、雪橇、冰壶；</span>', '2022-06-17 12:30:18', '2022-06-17 12:30:18'),
(257, 6, 40, '滑雪、滑冰、冰球、雪车、冬季两项、雪橇、冰壶；', '<span style=\"font-family:&quot;font-size:medium;white-space:normal;\">滑雪、滑冰、冰球、雪车、冬季两项、雪橇、冰壶；</span>', '2022-06-17 12:30:21', '2022-06-17 12:30:21'),
(258, 6, 40, '滑雪、滑冰、冰球、雪车、冬季两项、雪橇、冰壶；', '<span style=\"font-family:&quot;font-size:medium;white-space:normal;\">滑雪、滑冰、冰球、雪车、冬季两项、雪橇、冰壶；</span>', '2022-06-17 12:30:29', '2022-06-17 12:30:29'),
(259, 6, 40, '滑雪、滑冰、冰球、雪车、冬季两项、雪橇、冰壶；', '<span style=\"font-family:&quot;font-size:medium;white-space:normal;\">滑雪、滑冰、冰球、雪车、冬季两项、雪橇、冰壶；</span>', '2022-06-17 12:30:33', '2022-06-17 12:30:33'),
(260, 6, 40, '滑雪、滑冰、冰球、雪车、冬季两项、雪橇、冰壶；', '<span style=\"font-family:&quot;font-size:medium;white-space:normal;\">滑雪、滑冰、冰球、雪车、冬季两项、雪橇、冰壶；</span>', '2022-06-17 12:30:40', '2022-06-17 12:30:40'),
(261, 6, 41, '1892年英国人蔡尔德使用了一架主要以金属为材料制成的新雪橇，后来被正式命名为钢架雪车。', '<span style=\"font-family:&quot;font-size:medium;white-space:normal;\">1892年英国人蔡尔德使用了一架主要以金属为材料制成的新雪橇，后来被正式命名为钢架雪车。</span>', '2022-06-17 12:30:49', '2022-06-17 12:30:49'),
(262, 6, 41, '1892年英国人蔡尔德使用了一架主要以金属为材料制成的新雪橇，后来被正式命名为钢架雪车。', '<span style=\"font-family:&quot;font-size:medium;white-space:normal;\">1892年英国人蔡尔德使用了一架主要以金属为材料制成的新雪橇，后来被正式命名为钢架雪车。</span>', '2022-06-17 12:30:52', '2022-06-17 12:30:52'),
(263, 6, 41, '1892年英国人蔡尔德使用了一架主要以金属为材料制成的新雪橇，后来被正式命名为钢架雪车。', '<span style=\"font-family:&quot;font-size:medium;white-space:normal;\">1892年英国人蔡尔德使用了一架主要以金属为材料制成的新雪橇，后来被正式命名为钢架雪车。</span>', '2022-06-17 12:30:55', '2022-06-17 12:30:55'),
(264, 6, 41, '1892年英国人蔡尔德使用了一架主要以金属为材料制成的新雪橇，后来被正式命名为钢架雪车。', '<span style=\"font-family:&quot;font-size:medium;white-space:normal;\">1892年英国人蔡尔德使用了一架主要以金属为材料制成的新雪橇，后来被正式命名为钢架雪车。</span>', '2022-06-17 12:31:00', '2022-06-17 12:31:00'),
(265, 6, 41, '1892年英国人蔡尔德使用了一架主要以金属为材料制成的新雪橇，后来被正式命名为钢架雪车。', '<span style=\"font-family:&quot;font-size:medium;white-space:normal;\">1892年英国人蔡尔德使用了一架主要以金属为材料制成的新雪橇，后来被正式命名为钢架雪车。</span>', '2022-06-17 12:31:04', '2022-06-17 12:31:04'),
(266, 6, 7, '延庆赛区的国家雪车雪橇中心', '<span style=\"font-family:&quot;font-size:medium;white-space:normal;\">延庆赛区的国家雪车雪橇中心</span>', '2022-06-17 12:31:14', '2022-06-17 12:31:14'),
(267, 6, 7, '延庆赛区的国家雪车雪橇中心', '<span style=\"font-family:&quot;font-size:medium;white-space:normal;\">延庆赛区的国家雪车雪橇中心</span>', '2022-06-17 12:31:18', '2022-06-17 12:31:18'),
(268, 6, 7, '延庆赛区的国家雪车雪橇中心', '<span style=\"font-family:&quot;font-size:medium;white-space:normal;\">延庆赛区的国家雪车雪橇中心</span>', '2022-06-17 12:31:22', '2022-06-17 12:31:22'),
(269, 6, 7, '延庆赛区的国家雪车雪橇中心', '<span style=\"font-family:&quot;font-size:medium;white-space:normal;\">延庆赛区的国家雪车雪橇中心</span>', '2022-06-17 12:31:27', '2022-06-17 12:31:27'),
(270, 6, 7, '延庆赛区的国家雪车雪橇中心', '<span style=\"font-family:&quot;font-size:medium;white-space:normal;\">延庆赛区的国家雪车雪橇中心</span>', '2022-06-17 12:31:31', '2022-06-17 12:31:31'),
(271, 6, 8, '10秒', '10秒', '2022-06-17 12:32:39', '2022-06-17 12:32:39'),
(272, 6, 8, '10秒', '<span style=\"font-family:&quot;font-size:medium;white-space:normal;\">10秒</span>', '2022-06-17 12:32:55', '2022-06-17 12:32:55'),
(273, 6, 8, '10秒', '<span style=\"font-family:&quot;font-size:medium;white-space:normal;\">10秒</span>', '2022-06-17 12:32:59', '2022-06-17 12:32:59'),
(274, 6, 8, '10秒', '<span style=\"font-family:&quot;font-size:medium;white-space:normal;\">10秒</span>', '2022-06-17 12:33:03', '2022-06-17 12:33:03'),
(275, 6, 8, '10秒', '<span style=\"font-family:&quot;font-size:medium;white-space:normal;\">10秒</span>', '2022-06-17 12:33:06', '2022-06-17 12:33:06'),
(276, 6, 8, '10秒', '<span style=\"font-family:&quot;font-size:medium;white-space:normal;\">10秒</span>', '2022-06-17 12:33:09', '2022-06-17 12:33:09'),
(277, 6, 9, '立即急救 不能拔掉', '<span style=\"white-space:nowrap;\">立即急救 不能拔掉</span>', '2022-06-17 12:33:34', '2022-06-17 12:33:34'),
(278, 6, 9, '立即急救 不能拔掉', '<span style=\"white-space:nowrap;\">立即急救 不能拔掉</span>', '2022-06-17 12:33:38', '2022-06-17 12:33:38'),
(279, 6, 9, '立即急救 不能拔掉', '<span style=\"white-space:nowrap;\">立即急救 不能拔掉</span>', '2022-06-17 12:33:41', '2022-06-17 12:33:41'),
(280, 6, 9, '立即急救 不能拔掉', '<span style=\"white-space:nowrap;\">立即急救 不能拔掉</span>', '2022-06-17 12:33:45', '2022-06-17 12:33:45'),
(281, 6, 9, '立即急救 不能拔掉', '<span style=\"white-space:nowrap;\">立即急救 不能拔掉</span>', '2022-06-17 12:33:52', '2022-06-17 12:33:52'),
(282, 6, 9, '立即急救 不能拔掉', '<span style=\"white-space:nowrap;\">立即急救 不能拔掉</span>', '2022-06-17 12:33:56', '2022-06-17 12:33:56'),
(283, 6, 1, '任子威', '<span style=\"font-family:&quot;font-size:medium;white-space:normal;\">任子威</span>', '2022-06-17 12:34:06', '2022-06-17 12:34:06'),
(284, 6, 1, '任子威', '<span style=\"font-family:&quot;font-size:medium;white-space:normal;\">任子威</span>', '2022-06-17 12:34:09', '2022-06-17 12:34:09'),
(285, 6, 1, '任子威', '<span style=\"font-family:&quot;font-size:medium;white-space:normal;\">任子威</span>', '2022-06-17 12:34:13', '2022-06-17 12:34:13'),
(286, 6, 1, '任子威', '<span style=\"font-family:&quot;font-size:medium;white-space:normal;\">任子威</span>', '2022-06-17 12:34:16', '2022-06-17 12:34:16'),
(287, 6, 1, '任子威', '<span style=\"font-family:&quot;font-size:medium;white-space:normal;\">任子威</span>', '2022-06-17 12:34:20', '2022-06-17 12:34:20');

-- --------------------------------------------------------

--
-- 表的结构 `tbl_topic`
--

DROP TABLE IF EXISTS `tbl_topic`;
CREATE TABLE IF NOT EXISTS `tbl_topic` (
  `topicId` int(11) NOT NULL AUTO_INCREMENT,
  `boardId` int(11) DEFAULT NULL,
  `uId` int(11) DEFAULT NULL,
  `title` varchar(50) NOT NULL,
  `content` text NOT NULL,
  `publishTime` datetime NOT NULL DEFAULT CURRENT_TIMESTAMP,
  `modifyTime` datetime NOT NULL DEFAULT CURRENT_TIMESTAMP,
  PRIMARY KEY (`topicId`),
  KEY `FK_HAS` (`boardId`),
  KEY `FK_NEW` (`uId`)
) ENGINE=InnoDB AUTO_INCREMENT=47 DEFAULT CHARSET=utf8;

--
-- 转存表中的数据 `tbl_topic`
--

INSERT INTO `tbl_topic` (`topicId`, `boardId`, `uId`, `title`, `content`, `publishTime`, `modifyTime`) VALUES
(1, 4, 1, '短道速滑的冠军是谁呢？', '短道速滑的冠军是谁呢？', '2022-03-18 09:35:28', '2022-03-18 09:35:28'),
(2, 5, 1, '花样滑冰的场地有多大呢？', '花样滑冰的场地有多大呢？', '2022-03-18 09:37:11', '2022-03-18 09:37:11'),
(3, 6, 1, '速度滑冰和短道速滑有何不同？', '速度滑冰和短道速滑有何不同？', '2022-03-18 09:37:11', '2022-03-18 09:37:11'),
(4, 7, 2, '高山滑雪可以产生几枚金牌呢？', '高山滑雪可以产生几枚金牌呢？', '2022-03-18 09:38:50', '2022-03-18 09:38:50'),
(5, 8, 2, '自由式滑雪冠军是谁呢？', '自由式滑雪冠军是谁呢？', '2022-03-18 09:38:50', '2022-03-18 09:38:50'),
(6, 9, 3, '雪车竞赛项目有哪些呢？', '雪车竞赛项目有哪些呢？', '2022-03-18 09:40:19', '2022-03-18 09:40:19'),
(7, 10, 3, '钢架雪车在哪里举行的呢？', '钢架雪车在哪里举行的呢？', '2022-03-18 09:40:19', '2022-03-18 09:40:19'),
(8, 4, 1, '短道速滑的速度有多快？', '短道速滑的速度有多快？', '2022-05-19 17:00:16', '2022-05-19 17:00:16'),
(9, 4, 2, '短道速滑的冰刀割到人怎么办？', '短道速滑的冰刀割到人怎么办？', '2022-05-19 17:00:16', '2022-05-19 17:00:16'),
(10, 4, 3, '短道速滑是不是固定向一个方向滑？', '短道速滑是不是固定向一个方向滑？', '2022-05-19 17:36:14', '2022-05-19 17:36:14'),
(11, 4, 3, '运动员还要带上手套？', '运动员还要带上手套？', '2022-05-19 17:36:14', '2022-05-19 17:36:14'),
(12, 4, 1, '短道速滑一圈多少米？', '短道速滑一圈多少米？', '2022-05-19 17:37:51', '2022-05-19 17:37:51'),
(13, 4, 2, '短道速滑的道次怎么划分？', '短道速滑的道次怎么划分？', '2022-05-19 17:37:51', '2022-05-19 17:37:51'),
(14, 4, 2, '短道速滑和速度滑冰有什么区别？', '短道速滑和速度滑冰有什么区别？', '2022-05-19 17:39:04', '2022-05-19 17:39:04'),
(15, 5, 1, '冬奥会花样滑冰的冰场如果需要补冰，一般用哪种水来完成', '冬奥会花样滑冰的冰场如果需要补冰，一般用哪种水来完成', '2022-06-16 14:31:31', '2022-06-16 14:31:31'),
(16, 5, 1, '花样滑冰的“4A”到底是什么？', '花样滑冰的“4A”到底是什么？', '2022-06-16 14:31:31', '2022-06-16 14:31:31'),
(17, 5, 1, '花样滑冰起源于？', '花样滑冰起源于？', '2022-06-16 14:33:10', '2022-06-16 14:33:10'),
(18, 5, 3, '北京冬奥会花样滑冰比赛项目有哪些？', '北京冬奥会花样滑冰比赛项目有哪些？', '2022-06-16 14:33:10', '2022-06-16 14:33:10'),
(19, 5, 3, '北京冬奥会花样滑冰比赛场地在哪里？', '北京冬奥会花样滑冰比赛场地在哪里？', '2022-06-16 14:33:41', '2022-06-16 14:33:41'),
(20, 6, 1, '冬奥项目设置有哪些？', '冬奥项目设置有哪些？', '2022-06-16 14:48:16', '2022-06-16 14:48:16'),
(21, 6, 2, '北京冬奥会速度滑冰比赛场地在哪里？', '北京冬奥会速度滑冰比赛场地在哪里？', '2022-06-16 14:48:16', '2022-06-16 14:48:16'),
(22, 6, 2, '速度滑冰比赛日程是什么时候？', '速度滑冰比赛日程是什么时候？', '2022-06-16 14:49:21', '2022-06-16 14:49:21'),
(23, 6, 3, '速度滑冰的项目起源是？', '速度滑冰的项目起源是？', '2022-06-16 14:49:21', '2022-06-16 14:49:21'),
(24, 6, 2, '速度滑冰项目介绍', '速度滑冰项目介绍', '2022-06-16 14:49:50', '2022-06-16 14:49:50'),
(25, 7, 1, '滑雪项目介绍', '滑雪项目介绍', '2022-06-16 15:01:41', '2022-06-16 15:01:41'),
(26, 7, 2, '滑雪历史', '滑雪历史', '2022-06-16 15:01:41', '2022-06-16 15:01:41'),
(27, 7, 3, '滑雪简介', '滑雪简介', '2022-06-16 15:02:12', '2022-06-16 15:02:12'),
(28, 7, 2, '滑雪分类', '滑雪分类', '2022-06-16 15:02:12', '2022-06-16 15:02:12'),
(29, 7, 3, '滑雪技巧', '滑雪技巧', '2022-06-16 15:02:31', '2022-06-16 15:02:31'),
(30, 8, 1, '有哪些小项目？', '有哪些小项目？', '2022-06-16 15:10:57', '2022-06-16 15:10:57'),
(31, 8, 1, '雪上技巧有哪些？', '雪上技巧有哪些？', '2022-06-16 15:10:57', '2022-06-16 15:10:57'),
(32, 8, 1, '空中技巧有哪些？', '空中技巧有哪些？', '2022-06-16 15:11:51', '2022-06-16 15:11:51'),
(33, 8, 1, 'U型场地技巧怎么弄', 'U型场地技巧怎么弄', '2022-06-16 15:11:51', '2022-06-16 15:11:51'),
(34, 8, 3, '坡面障碍技巧是什么？', '坡面障碍技巧是什么？', '2022-06-16 15:12:20', '2022-06-16 15:12:20'),
(35, 9, 1, '项目介绍', '项目介绍', '2022-06-16 15:19:05', '2022-06-16 15:19:05'),
(36, 9, 1, '雪车奥运历史', '雪车奥运历史', '2022-06-16 15:19:05', '2022-06-16 15:19:05'),
(37, 9, 1, '比赛规则', '比赛规则', '2022-06-16 15:19:54', '2022-06-16 15:19:54'),
(38, 9, 1, '项目设置', '项目设置', '2022-06-16 15:19:54', '2022-06-16 15:19:54'),
(39, 9, 1, '北京冬奥会雪车比赛场地', '北京冬奥会雪车比赛场地', '2022-06-16 15:20:11', '2022-06-16 15:20:11'),
(40, 10, 3, '设有几大项目？', '设有几大项目？', '2022-06-16 15:22:51', '2022-06-16 15:22:51'),
(41, 10, 3, '项目介绍', '项目介绍', '2022-06-16 15:22:51', '2022-06-16 15:22:51'),
(42, 10, 3, '项目规则', '项目规则', '2022-06-16 15:23:21', '2022-06-16 15:23:21'),
(43, 10, 3, '场地与装备', '场地与装备', '2022-06-16 15:23:21', '2022-06-16 15:23:21'),
(44, 10, 3, '竞赛场馆', '竞赛场馆', '2022-06-16 15:23:32', '2022-06-16 15:23:32'),
(45, 5, 2, '在哪里？', '<span style=\"white-space:nowrap;\">在哪里？</span>', '2022-06-16 15:37:38', '2022-06-16 15:37:38'),
(46, 5, 1, '花样滑冰项目规则是？', '<span style=\"white-space:nowrap;\">花样滑冰项目规则是？</span>', '2022-06-16 17:20:36', '2022-06-16 17:20:36');

-- --------------------------------------------------------

--
-- 表的结构 `tbl_user`
--

DROP TABLE IF EXISTS `tbl_user`;
CREATE TABLE IF NOT EXISTS `tbl_user` (
  `uId` int(11) NOT NULL AUTO_INCREMENT,
  `uName` varchar(50) NOT NULL,
  `uPass` varchar(50) NOT NULL,
  `gender` int(11) NOT NULL,
  `head` varchar(50) NOT NULL,
  `regTime` datetime NOT NULL DEFAULT CURRENT_TIMESTAMP,
  PRIMARY KEY (`uId`),
  UNIQUE KEY `uName` (`uName`)
) ENGINE=InnoDB AUTO_INCREMENT=7 DEFAULT CHARSET=utf8;

--
-- 转存表中的数据 `tbl_user`
--

INSERT INTO `tbl_user` (`uId`, `uName`, `uPass`, `gender`, `head`, `regTime`) VALUES
(1, 'jack', 'jack', 2, '1.jpg', '2022-03-17 08:18:00'),
(2, 'rose', 'rose', 1, '2.jpg', '2022-03-17 11:15:00'),
(3, 'lucy', 'lucy', 1, '3.jpg', '2022-03-17 06:29:00'),
(4, 'cici', 'cici', 1, '5.jpg', '2022-06-16 17:29:50'),
(5, 'lisa', 'lisa', 1, '6.jpg', '2022-06-16 17:29:50'),
(6, 'ava', 'ava', 1, '8.jpg', '2022-06-16 17:30:18');

--
-- 限制导出的表
--

--
-- 限制表 `tbl_reply`
--
ALTER TABLE `tbl_reply`
  ADD CONSTRAINT `FK_POST` FOREIGN KEY (`uId`) REFERENCES `tbl_user` (`uId`),
  ADD CONSTRAINT `FK_REPLY` FOREIGN KEY (`topicId`) REFERENCES `tbl_topic` (`topicId`);

--
-- 限制表 `tbl_topic`
--
ALTER TABLE `tbl_topic`
  ADD CONSTRAINT `FK_HAS` FOREIGN KEY (`boardId`) REFERENCES `tbl_board` (`boardId`),
  ADD CONSTRAINT `FK_NEW` FOREIGN KEY (`uId`) REFERENCES `tbl_user` (`uId`);
COMMIT;

/*!40101 SET CHARACTER_SET_CLIENT=@OLD_CHARACTER_SET_CLIENT */;
/*!40101 SET CHARACTER_SET_RESULTS=@OLD_CHARACTER_SET_RESULTS */;
/*!40101 SET COLLATION_CONNECTION=@OLD_COLLATION_CONNECTION */;
